Date,Province_Name,Regency_City_Name,Population
2010-01-01,West Java,Bogor,481388
2010-01-01,West Java,Sukabumi,235842
2010-01-01,West Java,Cianjur,218679
2010-01-01,West Java,Bandung,320512
2010-01-01,West Java,Garut,242233
2010-01-01,West Java,Tasikmalaya,168778
2010-01-01,West Java,Ciamis,113572
2010-01-01,West Java,Kuningan,102391
2010-01-01,West Java,Cirebon,204418
2010-01-01,West Java,Majalengka,115323
2010-01-01,West Java,Sumedang,110158
2010-01-01,West Java,Indramayu,164502
2010-01-01,West Java,Subang,144921
2010-01-01,West Java,Purwakarta,859186
2010-01-01,West Java,Karawang,214419
2010-01-01,West Java,Bekasi,265688
2010-01-01,West Java,Bandung Barat,152208
2010-01-01,West Java,Pangandaran,379518
2010-01-01,West Java,Bogor,958077
2010-01-01,West Java,Sukabumi,301014
2010-01-01,West Java,Bandung,241209
2010-01-01,West Java,Cirebon,293206
2010-01-01,West Java,Bekasi,23561
2010-01-01,West Java,Depok,175561
2010-01-01,West Java,Cimahi,545505
2010-01-01,West Java,Tasikmalaya,639987
2010-01-01,West Java,Banjar,176506
2011-01-01,West Java,Bogor,494375
2011-01-01,West Java,Sukabumi,23765
2011-01-01,West Java,Cianjur,22010
2011-01-01,West Java,Bandung,327283
2011-01-01,West Java,Garut,245043
2011-01-01,West Java,Tasikmalaya,169958
2011-01-01,West Java,Ciamis,114223
2011-01-01,West Java,Kuningan,10302
2011-01-01,West Java,Cirebon,20604
2011-01-01,West Java,Majalengka,115888
2011-01-01,West Java,Sumedang,111008
2011-01-01,West Java,Indramayu,165412
2011-01-01,West Java,Subang,14649
2011-01-01,West Java,Purwakarta,872599
2011-01-01,West Java,Karawang,217229
2011-01-01,West Java,Bekasi,276918
2011-01-01,West Java,Bandung Barat,154512
2011-01-01,West Java,Pangandaran,381729
2011-01-01,West Java,Bogor,976791
2011-01-01,West Java,Sukabumi,304704
2011-01-01,West Java,Bandung,242918
2011-01-01,West Java,Cirebon,295981
2011-01-01,West Java,Bekasi,242707
2011-01-01,West Java,Depok,182318
2011-01-01,West Java,Cimahi,554175
2011-01-01,West Java,Tasikmalaya,644305
2011-01-01,West Java,Banjar,177587
2012-01-01,West Java,Bogor,507312
2012-01-01,West Java,Sukabumi,239319
2012-01-01,West Java,Cianjur,221389
2012-01-01,West Java,Bandung,333968
2012-01-01,West Java,Garut,247711
2012-01-01,West Java,Tasikmalaya,171043
2012-01-01,West Java,Ciamis,114878
2012-01-01,West Java,Kuningan,103649
2012-01-01,West Java,Cirebon,207661
2012-01-01,West Java,Majalengka,116472
2012-01-01,West Java,Sumedang,111792
2012-01-01,West Java,Indramayu,16634
2012-01-01,West Java,Subang,148071
2012-01-01,West Java,Purwakarta,885386
2012-01-01,West Java,Karawang,219939
2012-01-01,West Java,Bekasi,28843
2012-01-01,West Java,Bandung Barat,15674
2012-01-01,West Java,Pangandaran,383915
2012-01-01,West Java,Bogor,995081
2012-01-01,West Java,Sukabumi,308405
2012-01-01,West Java,Bandung,244462
2012-01-01,West Java,Cirebon,298825
2012-01-01,West Java,Bekasi,24986
2012-01-01,West Java,Depok,189198
2012-01-01,West Java,Cimahi,562721
2012-01-01,West Java,Tasikmalaya,648178
2012-01-01,West Java,Banjar,178728
2013-01-01,West Java,Bogor,52021
2013-01-01,West Java,Sukabumi,240842
2013-01-01,West Java,Cianjur,222531
2013-01-01,West Java,Bandung,340548
2013-01-01,West Java,Garut,250241
2013-01-01,West Java,Tasikmalaya,172012
2013-01-01,West Java,Ciamis,115547
2013-01-01,West Java,Kuningan,104279
2013-01-01,West Java,Cirebon,209307
2013-01-01,West Java,Majalengka,117051
2013-01-01,West Java,Sumedang,112512
2013-01-01,West Java,Indramayu,167268
2013-01-01,West Java,Subang,149689
2013-01-01,West Java,Purwakarta,898001
2013-01-01,West Java,Karawang,222538
2013-01-01,West Java,Bekasi,300211
2013-01-01,West Java,Bandung Barat,158878
2013-01-01,West Java,Pangandaran,386129
2013-01-01,West Java,Bogor,101302
2013-01-01,West Java,Sukabumi,311822
2013-01-01,West Java,Bandung,24585
2013-01-01,West Java,Cirebon,301728
2013-01-01,West Java,Bekasi,25704
2013-01-01,West Java,Depok,196218
2013-01-01,West Java,Cimahi,570991
2013-01-01,West Java,Tasikmalaya,651676
2013-01-01,West Java,Banjar,179706
2014-01-01,West Java,Bogor,533115
2014-01-01,West Java,Sukabumi,242211
2014-01-01,West Java,Cianjur,223542
2014-01-01,West Java,Bandung,347039
2014-01-01,West Java,Garut,252619
2014-01-01,West Java,Tasikmalaya,172859
2014-01-01,West Java,Ciamis,11621
2014-01-01,West Java,Kuningan,104908
2014-01-01,West Java,Cirebon,210959
2014-01-01,West Java,Majalengka,117631
2014-01-01,West Java,Sumedang,113152
2014-01-01,West Java,Indramayu,168202
2014-01-01,West Java,Subang,151309
2014-01-01,West Java,Purwakarta,910007
2014-01-01,West Java,Karawang,225012
2014-01-01,West Java,Bekasi,31227
2014-01-01,West Java,Bandung Barat,160951
2014-01-01,West Java,Pangandaran,38832
2014-01-01,West Java,Bogor,103072
2014-01-01,West Java,Sukabumi,315001
2014-01-01,West Java,Bandung,24708
2014-01-01,West Java,Cirebon,304584
2014-01-01,West Java,Bekasi,264251
2014-01-01,West Java,Depok,203351
2014-01-01,West Java,Cimahi,579015
2014-01-01,West Java,Tasikmalaya,654794
2014-01-01,West Java,Banjar,180515
2015-01-01,West Java,Bogor,545967
2015-01-01,West Java,Sukabumi,243422
2015-01-01,West Java,Cianjur,22439
2015-01-01,West Java,Bandung,353411
2015-01-01,West Java,Garut,254872
2015-01-01,West Java,Tasikmalaya,17360
2015-01-01,West Java,Ciamis,116868
2015-01-01,West Java,Kuningan,105542
2015-01-01,West Java,Cirebon,212618
2015-01-01,West Java,Majalengka,118211
2015-01-01,West Java,Sumedang,113727
2015-01-01,West Java,Indramayu,169139
2015-01-01,West Java,Subang,152939
2015-01-01,West Java,Purwakarta,921598
2015-01-01,West Java,Karawang,227358
2015-01-01,West Java,Bekasi,324601
2015-01-01,West Java,Bandung Barat,162942
2015-01-01,West Java,Pangandaran,390483
2015-01-01,West Java,Bogor,104792
2015-01-01,West Java,Sukabumi,318117
2015-01-01,West Java,Bandung,248147
2015-01-01,West Java,Cirebon,307494
2015-01-01,West Java,Bekasi,271482
2015-01-01,West Java,Depok,21061
2015-01-01,West Java,Cimahi,58658
2015-01-01,West Java,Tasikmalaya,657477
2015-01-01,West Java,Banjar,181425
2016-01-01,West Java,Bogor,558739
2016-01-01,West Java,Sukabumi,244462
2016-01-01,West Java,Cianjur,225098
2016-01-01,West Java,Bandung,359662
2016-01-01,West Java,Garut,25695
2016-01-01,West Java,Tasikmalaya,174228
2016-01-01,West Java,Ciamis,117539
2016-01-01,West Java,Kuningan,106189
2016-01-01,West Java,Cirebon,21430
2016-01-01,West Java,Majalengka,11880
2016-01-01,West Java,Sumedang,11421
2016-01-01,West Java,Indramayu,170081
2016-01-01,West Java,Subang,15460
2016-01-01,West Java,Purwakarta,932701
2016-01-01,West Java,Karawang,229578
2016-01-01,West Java,Bekasi,337169
2016-01-01,West Java,Bandung Barat,164839
2016-01-01,West Java,Pangandaran,392817
2016-01-01,West Java,Bogor,106469
2016-01-01,West Java,Sukabumi,321097
2016-01-01,West Java,Bandung,249062
2016-01-01,West Java,Cirebon,310486
2016-01-01,West Java,Bekasi,278721
2016-01-01,West Java,Depok,217981
2016-01-01,West Java,Cimahi,594021
2016-01-01,West Java,Tasikmalaya,659606
2016-01-01,West Java,Banjar,181901
2017-01-01,West Java,Bogor,571501
2017-01-01,West Java,Sukabumi,24535
2017-01-01,West Java,Cianjur,225659
2017-01-01,West Java,Bandung,36576
2017-01-01,West Java,Garut,258884
2017-01-01,West Java,Tasikmalaya,174732
2017-01-01,West Java,Ciamis,118198
2017-01-01,West Java,Kuningan,10682
2017-01-01,West Java,Cirebon,215958
2017-01-01,West Java,Majalengka,119372
2017-01-01,West Java,Sumedang,114644
2017-01-01,West Java,Indramayu,170999
2017-01-01,West Java,Subang,156251
2017-01-01,West Java,Purwakarta,943337
2017-01-01,West Java,Karawang,231649
2017-01-01,West Java,Bekasi,350002
2017-01-01,West Java,Bandung Barat,166651
2017-01-01,West Java,Pangandaran,395098
2017-01-01,West Java,Bogor,108101
2017-01-01,West Java,Sukabumi,323788
2017-01-01,West Java,Bandung,249794
2017-01-01,West Java,Cirebon,313325
2017-01-01,West Java,Bekasi,285963
2017-01-01,West Java,Depok,225451
2017-01-01,West Java,Cimahi,601099
2017-01-01,West Java,Tasikmalaya,661404
2017-01-01,West Java,Banjar,182388
2018-01-01,West Java,Bogor,58409
2018-01-01,West Java,Sukabumi,24607
2018-01-01,West Java,Cianjur,22606
2018-01-01,West Java,Bandung,37173
2018-01-01,West Java,Garut,26064
2018-01-01,West Java,Tasikmalaya,17513
2018-01-01,West Java,Ciamis,11886
2018-01-01,West Java,Kuningan,10745
2018-01-01,West Java,Cirebon,21762
2018-01-01,West Java,Majalengka,11993
2018-01-01,West Java,Sumedang,11499
2018-01-01,West Java,Indramayu,17192
2018-01-01,West Java,Subang,15790
2018-01-01,West Java,Purwakarta,9534
2018-01-01,West Java,Karawang,23360
2018-01-01,West Java,Bekasi,36309
2018-01-01,West Java,Bandung Barat,16837
2018-01-01,West Java,Pangandaran,3972
2018-01-01,West Java,Bogor,10968
2018-01-01,West Java,Sukabumi,3263
2018-01-01,West Java,Bandung,25037
2018-01-01,West Java,Cirebon,3163
2018-01-01,West Java,Bekasi,29319
2018-01-01,West Java,Depok,23303
2018-01-01,West Java,Cimahi,6078
2018-01-01,West Java,Tasikmalaya,6627
2018-01-01,West Java,Banjar,1828
2019-01-01,West Java,Bogor,59654
2019-01-01,West Java,Sukabumi,24663
2019-01-01,West Java,Cianjur,22631
2019-01-01,West Java,Bandung,37753
2019-01-01,West Java,Garut,26224
2019-01-01,West Java,Tasikmalaya,17541
2019-01-01,West Java,Ciamis,11952
2019-01-01,West Java,Kuningan,10808
2019-01-01,West Java,Cirebon,21929
2019-01-01,West Java,Majalengka,12050
2019-01-01,West Java,Sumedang,11524
2019-01-01,West Java,Indramayu,17285
2019-01-01,West Java,Subang,15958
2019-01-01,West Java,Purwakarta,9629
2019-01-01,West Java,Karawang,23539
2019-01-01,West Java,Bekasi,37639
2019-01-01,West Java,Bandung Barat,16999
2019-01-01,West Java,Pangandaran,3993
2019-01-01,West Java,Bogor,11121
2019-01-01,West Java,Sukabumi,3287
2019-01-01,West Java,Bandung,25079
2019-01-01,West Java,Cirebon,3193
2019-01-01,West Java,Bekasi,30039
2019-01-01,West Java,Depok,24068
2019-01-01,West Java,Cimahi,6143
2019-01-01,West Java,Tasikmalaya,6635
2019-01-01,West Java,Banjar,1831
2020-01-01,West Java,Bogor,540937
2020-01-01,West Java,Sukabumi,271874
2020-01-01,West Java,Cianjur,247056
2020-01-01,West Java,Bandung,361654
2020-01-01,West Java,Garut,257735
2020-01-01,West Java,Tasikmalaya,186106
2020-01-01,West Java,Ciamis,122605
2020-01-01,West Java,Kuningan,116259
2020-01-01,West Java,Cirebon,227035
2020-01-01,West Java,Majalengka,130157
2020-01-01,West Java,Sumedang,114947
2020-01-01,West Java,Indramayu,182923
2020-01-01,West Java,Subang,160525
2020-01-01,West Java,Purwakarta,99433
2020-01-01,West Java,Karawang,243409
2020-01-01,West Java,Bekasi,310173
2020-01-01,West Java,Bandung Barat,178219
2020-01-01,West Java,Pangandaran,42241
2020-01-01,West Java,Bogor,104057
2020-01-01,West Java,Sukabumi,34483
2020-01-01,West Java,Bandung,243835
2020-01-01,West Java,Cirebon,33258
2020-01-01,West Java,Bekasi,253612
2020-01-01,West Java,Depok,204683
2020-01-01,West Java,Cimahi,56617
2020-01-01,West Java,Tasikmalaya,71367
2020-01-01,West Java,Banjar,20027
2021-01-01,West Java,Bogor,548415
2021-01-01,West Java,Sukabumi,274745
2021-01-01,West Java,Cianjur,250064
2021-01-01,West Java,Bandung,36524
2021-01-01,West Java,Garut,261353
2021-01-01,West Java,Tasikmalaya,187689
2021-01-01,West Java,Ciamis,123483
2021-01-01,West Java,Kuningan,117595
2021-01-01,West Java,Cirebon,230133
2021-01-01,West Java,Majalengka,131501
2021-01-01,West Java,Sumedang,115926
2021-01-01,West Java,Indramayu,185173
2021-01-01,West Java,Subang,16207
2021-01-01,West Java,Purwakarta,100893
2021-01-01,West Java,Karawang,246557
2021-01-01,West Java,Bekasi,314874
2021-01-01,West Java,Bandung Barat,180842
2021-01-01,West Java,Pangandaran,42559
2021-01-01,West Java,Bogor,105092
2021-01-01,West Java,Sukabumi,35015
2021-01-01,West Java,Bandung,246141
2021-01-01,West Java,Cirebon,33581
2021-01-01,West Java,Bekasi,256802
2021-01-01,West Java,Depok,208113
2021-01-01,West Java,Cimahi,57445
2021-01-01,West Java,Tasikmalaya,7231
2021-01-01,West Java,Banjar,20272
2022-01-01,West Java,Bogor,555631
2022-01-01,West Java,Sukabumi,277531
2022-01-01,West Java,Cianjur,252981
2022-01-01,West Java,Bandung,368725
2022-01-01,West Java,Garut,264895
2022-01-01,West Java,Tasikmalaya,189222
2022-01-01,West Java,Ciamis,124332
2022-01-01,West Java,Kuningan,118901
2022-01-01,West Java,Cirebon,233136
2022-01-01,West Java,Majalengka,132801
2022-01-01,West Java,Sumedang,116884
2022-01-01,West Java,Indramayu,18734
2022-01-01,West Java,Subang,163556
2022-01-01,West Java,Purwakarta,102318
2022-01-01,West Java,Karawang,249619
2022-01-01,West Java,Bekasi,319384
2022-01-01,West Java,Bandung Barat,183423
2022-01-01,West Java,Pangandaran,4286
2022-01-01,West Java,Bogor,106094
2022-01-01,West Java,Sukabumi,35542
2022-01-01,West Java,Bandung,248415
2022-01-01,West Java,Cirebon,33894
2022-01-01,West Java,Bekasi,259807
2022-01-01,West Java,Depok,211362
2022-01-01,West Java,Cimahi,58265
2022-01-01,West Java,Tasikmalaya,73248
2022-01-01,West Java,Banjar,20514
2023-01-01,West Java,Bogor,562702
2023-01-01,West Java,Sukabumi,28024
2023-01-01,West Java,Cianjur,255814
2023-01-01,West Java,Bandung,372111
2023-01-01,West Java,Garut,268367
2023-01-01,West Java,Tasikmalaya,190705
2023-01-01,West Java,Ciamis,125154
2023-01-01,West Java,Kuningan,120176
2023-01-01,West Java,Cirebon,236044
2023-01-01,West Java,Majalengka,134062
2023-01-01,West Java,Sumedang,117824
2023-01-01,West Java,Indramayu,189433
2023-01-01,West Java,Subang,164982
2023-01-01,West Java,Purwakarta,103707
2023-01-01,West Java,Karawang,25260
2023-01-01,West Java,Bekasi,323742
2023-01-01,West Java,Bandung Barat,185964
2023-01-01,West Java,Pangandaran,43146
2023-01-01,West Java,Bogor,107072
2023-01-01,West Java,Sukabumi,36064
2023-01-01,West Java,Bandung,25066
2023-01-01,West Java,Cirebon,34198
2023-01-01,West Java,Bekasi,262721
2023-01-01,West Java,Depok,21454
2023-01-01,West Java,Cimahi,59078
2023-01-01,West Java,Tasikmalaya,74176
2023-01-01,West Java,Banjar,20751
2024-01-01,West Java,Bogor,56823
2024-01-01,West Java,Sukabumi,282802
2024-01-01,West Java,Cianjur,258499
2024-01-01,West Java,Bandung,375312
2024-01-01,West Java,Garut,271695
2024-01-01,West Java,Tasikmalaya,192092
2024-01-01,West Java,Ciamis,125923
2024-01-01,West Java,Kuningan,121393
2024-01-01,West Java,Cirebon,238796
2024-01-01,West Java,Majalengka,135254
2024-01-01,West Java,Sumedang,118713
2024-01-01,West Java,Indramayu,191404
2024-01-01,West Java,Subang,166316
2024-01-01,West Java,Purwakarta,105034
2024-01-01,West Java,Karawang,255438
2024-01-01,West Java,Bekasi,327387
2024-01-01,West Java,Bandung Barat,188419
2024-01-01,West Java,Pangandaran,4341
2024-01-01,West Java,Bogor,107835
2024-01-01,West Java,Sukabumi,36574
2024-01-01,West Java,Bandung,252816
2024-01-01,West Java,Cirebon,34485
2024-01-01,West Java,Bekasi,264406
2024-01-01,West Java,Depok,216364
2024-01-01,West Java,Cimahi,5987
2024-01-01,West Java,Tasikmalaya,75073
2024-01-01,West Java,Banjar,20979
2025-01-01,West Java,Bogor,572162
2025-01-01,West Java,Sukabumi,285211
2025-01-01,West Java,Cianjur,261032
2025-01-01,West Java,Bandung,378321
2025-01-01,West Java,Garut,27487
2025-01-01,West Java,Tasikmalaya,193381
2025-01-01,West Java,Ciamis,126633
2025-01-01,West Java,Kuningan,122549
2025-01-01,West Java,Cirebon,241381
2025-01-01,West Java,Majalengka,136376
2025-01-01,West Java,Sumedang,119553
2025-01-01,West Java,Indramayu,193252
2025-01-01,West Java,Subang,167552
2025-01-01,West Java,Purwakarta,106297
2025-01-01,West Java,Karawang,258125
2025-01-01,West Java,Bekasi,330302
2025-01-01,West Java,Bandung Barat,190782
2025-01-01,West Java,Pangandaran,43649
2025-01-01,West Java,Bogor,108378
2025-01-01,West Java,Sukabumi,37068
2025-01-01,West Java,Bandung,254878
2025-01-01,West Java,Cirebon,34754
2025-01-01,West Java,Bekasi,264827
2025-01-01,West Java,Depok,216796
2025-01-01,West Java,Cimahi,60638
2025-01-01,West Java,Tasikmalaya,75937
2025-01-01,West Java,Banjar,21196
